{
  "Rooms" : [
    {
      "meeting room" : {
        "windows" : [
          {
            "id" : "EE22A04D-BAB4-4971-8793-2BE26F3785E6",
            "location" : {
              "z" : 5.5588665008544922,
              "x" : 0.58818769454956055,
              "y" : 0.19053554534912109
            },
            "dimensions" : {
              "width" : 2.500251293182373,
              "height" : 2.629345178604126,
              "length" : 0
            }
          },
          {
            "id" : "9804D827-16B7-4D5A-95C9-89286A9BD5A3",
            "dimensions" : {
              "length" : 0,
              "width" : 0.81355440616607666,
              "height" : 2.6716318130493164
            },
            "location" : {
              "y" : 0.17545092105865479,
              "x" : -2.2990603446960449,
              "z" : 5.4324302673339844
            }
          }
        ],
        "doors" : [
          {
            "id" : "500947AD-1761-4902-89C7-EB1497E9C10B",
            "location" : {
              "x" : -0.87727451324462891,
              "z" : 5.8831491470336914,
              "y" : -1.1920928955078125e-07
            },
            "dimensions" : {
              "height" : 2.8926959037780762,
              "width" : 0.87166565656661987,
              "length" : 0
            }
          }
        ],
        "objects" : {
          "furniture" : [
            {
              "id" : "46495AF5-7E5F-4004-9FC6-AB6A19F5C919",
              "location" : {
                "x" : -1.6632168292999268,
                "z" : 3.6845955848693848,
                "y" : 0.4270358681678772
              },
              "dimensions" : {
                "length" : 0.56502223014831543,
                "height" : 0.85407191514968872,
                "width" : 0.50243508815765381
              },
              "category" : "chair"
            },
            {
              "location" : {
                "y" : 0.4270358681678772,
                "z" : 2.7596549987792969,
                "x" : -1.6632168292999268
              },
              "id" : "708FA0AD-768B-4762-98D0-FAB12BCA6AAA",
              "category" : "chair",
              "dimensions" : {
                "height" : 0.85407179594039917,
                "length" : 0.56502199172973633,
                "width" : 0.50243490934371948
              }
            },
            {
              "dimensions" : {
                "width" : 0.50243490934371948,
                "height" : 0.85407191514968872,
                "length" : 0.5650220513343811
              },
              "id" : "B4BA82CA-60F5-444F-BD12-431A240A46FD",
              "category" : "chair",
              "location" : {
                "z" : 3.6845958232879639,
                "x" : 0.013096332550048828,
                "y" : 0.4270358681678772
              }
            },
            {
              "dimensions" : {
                "width" : 0.71966320276260376,
                "height" : 0.6674654483795166,
                "length" : 0.48744642734527588
              },
              "id" : "1EC0FF65-BEC7-479F-99E8-0329C748B630",
              "category" : "table",
              "location" : {
                "y" : 0.3337327241897583,
                "x" : -0.81681126356124878,
                "z" : 0.93633019924163818
              }
            },
            {
              "category" : "chair",
              "dimensions" : {
                "width" : 0.50243484973907471,
                "height" : 0.85407191514968872,
                "length" : 0.56502228975296021
              },
              "id" : "DEE8BD5A-34F0-4C1A-8873-3C93C8FE2DA8",
              "location" : {
                "y" : 0.4270358681678772,
                "z" : 4.0623126029968262,
                "x" : -1.2865149974822998
              }
            },
            {
              "category" : "table",
              "dimensions" : {
                "width" : 1.8498811721801758,
                "length" : 1.8458197116851807,
                "height" : 0.79797399044036865
              },
              "id" : "F43F682D-A3B7-4CEF-9F45-F4F21F9C9EEB",
              "location" : {
                "x" : -0.82506018877029419,
                "z" : 3.2221255302429199,
                "y" : 0.39898687601089478
              }
            },
            {
              "dimensions" : {
                "length" : 0.4653325080871582,
                "height" : 0.88130390644073486,
                "width" : 0.41448572278022766
              },
              "id" : "29C6BFAB-89E8-421E-B0A2-C1F3F4F3D4EA",
              "category" : "chair",
              "location" : {
                "x" : -1.9398640394210815,
                "y" : 0.44065195322036743,
                "z" : 5.2286176681518555
              }
            },
            {
              "dimensions" : {
                "length" : 0.56502211093902588,
                "height" : 0.85407191514968872,
                "width" : 0.50243496894836426
              },
              "category" : "chair",
              "id" : "DD0EC9A5-FFA0-4DB6-BADA-D97015F28ADE",
              "location" : {
                "y" : 0.4270358681678772,
                "z" : 2.759655237197876,
                "x" : 0.013096198439598083
              }
            },
            {
              "category" : "chair",
              "location" : {
                "x" : 0.27657607197761536,
                "z" : 5.2938451766967773,
                "y" : 0.44129925966262817
              },
              "id" : "CCBDEE1C-A09E-4B80-AC9A-D5FD2A2012A8",
              "dimensions" : {
                "length" : 0.47216486930847168,
                "width" : 0.41096478700637817,
                "height" : 0.88259851932525635
              }
            },
            {
              "category" : "chair",
              "id" : "FDB3776C-8932-445C-A9CB-7BA6EB956F6B",
              "dimensions" : {
                "length" : 0.56502217054367065,
                "width" : 0.50243490934371948,
                "height" : 0.85407179594039917
              },
              "location" : {
                "z" : 4.0623126029968262,
                "x" : -0.36360526084899902,
                "y" : 0.4270358681678772
              }
            },
            {
              "category" : "chair",
              "id" : "6A77E33B-FFDA-4C5B-BF0F-CADCD64E2608",
              "location" : {
                "z" : 2.3819382190704346,
                "x" : -0.82506024837493896,
                "y" : 0.4270358681678772
              },
              "dimensions" : {
                "width" : 0.50243496894836426,
                "height" : 0.85407179594039917,
                "length" : 0.5650220513343811
              }
            }
          ]
        },
        "walls" : [
          {
            "id" : "62C1DFD2-591E-4B25-B293-DC5399789140",
            "dimensions" : {
              "height" : 2.737393856048584,
              "length" : 0,
              "width" : 5.4005594253540039
            },
            "location" : {
              "y" : 0,
              "z" : 2.5331974029541016e-07,
              "x" : -2.39959716796875
            }
          },
          {
            "location" : {
              "y" : 0,
              "z" : 5.6055998802185059,
              "x" : 0.5881878137588501
            },
            "dimensions" : {
              "height" : 3.0563559532165527,
              "length" : 0,
              "width" : 5.2341709136962891
            },
            "id" : "84784A5B-0ACA-4585-B544-3B1B29269736"
          },
          {
            "dimensions" : {
              "height" : 3.0563559532165527,
              "length" : 0,
              "width" : 2.496635913848877
            },
            "location" : {
              "x" : -2.3995969295501709,
              "y" : 0,
              "z" : 5.4005589485168457
            },